Zürich,1
Zürich,2
Zürich,3
Zürich,4
Zürich,5
Zürich,6
Zürich,7
Zürich,8
Zürich,9
Zürich,10
Zürich,11
Zürich,12
Zürich,13
Zürich,14
Zürich,15
Zürich,16
Zürich,17
Zürich,18
Genf,1
Genf,2
Genf,3
Genf,4
Genf,5
Genf,6
Genf,7
Genf,8
Genf,9
Genf,10
Bern,1
Bern,2
Bern,3
Bern,4
Bern,5
Bern,6
Bern,7
Bern,8
Bern,9
Bern,10
Bern,11
Bern,12
Waadt,1
Waadt,2
Waadt,3
Waadt,4
Waadt,5
Waadt,6
Waadt,7
Waadt,8
Waadt,9
Waadt,10
Waadt,11
Waadt,12
Basel-Stadt,1
Basel-Stadt,2
Basel-Stadt,3
Basel-Stadt,4
Tessin,1
Tessin,2
Tessin,3
Tessin,4
Tessin,5
Tessin,6
St. Gallen,1
St. Gallen,2
St. Gallen,3
St. Gallen,4
St. Gallen,5
Aargau,1
Aargau,2
Aargau,3
Aargau,4
Aargau,5
Luzern,1
Luzern,2
Luzern,3
Luzern,4
Basel-Landschaft,1
Basel-Landschaft,2
Basel-Landschaft,3
Basel-Landschaft,4
Wallis,1
Wallis,2
Wallis,3
Wallis,4
Freiburg,1
Freiburg,2
Freiburg,3
Neuenburg,1
Neuenburg,2
Neuenburg,3
Solothurn,1
Solothurn,2
Zug,1
Zug,2
Thurgau,1
Thurgau,2
Graubünden,1
Graubünden,2
Schwyz,1
Schwyz,2
Schaffhausen,1
Jura,1
Appenzell Ausserrhoden,1
Glarus,1
Nidwalden,1
Obwalden,1
Uri,1
Appenzell Innerrhoden,1
